{"cameraMode":{"drawMode":0,"name":"Shaded","section":"Shading Mode"},"sceneLighting":true,"audioPlay":false,"sceneViewState":{"showFog":true,"showMaterialUpdate":true,"showSkybox":true,"showFlares":true,"showImageEffects":true,"showParticleSystems":true},"in2DMode":false,"pivot":{"x":259.7116394042969,"y":146.8666534423828,"z":-3.1822853088378908},"rotation":{"x":-0.028205502778291704,"y":-0.019476506859064103,"z":0.0007096889312379062,"w":-0.9994121789932251},"size":513.5340576171875,"orthographic":false}