{"cameraMode":{"drawMode":0,"name":"Shaded","section":"Shading Mode"},"sceneLighting":true,"audioPlay":false,"sceneViewState":{"showFog":true,"showMaterialUpdate":true,"showSkybox":true,"showFlares":true,"showImageEffects":true,"showParticleSystems":true},"in2DMode":false,"pivot":{"x":0.009999990463256836,"y":0.0,"z":0.6129449605941773},"rotation":{"x":-0.157154381275177,"y":0.0005871906760148704,"z":-0.0001025840247166343,"w":-0.9875738620758057},"size":2.0381877422332765,"orthographic":false}