{"cameraMode":{"drawMode":0,"name":"Shaded","section":"Shading Mode"},"sceneLighting":true,"audioPlay":false,"sceneViewState":{"showFog":true,"showMaterialUpdate":true,"showSkybox":true,"showFlares":true,"showImageEffects":true,"showParticleSystems":true},"in2DMode":false,"pivot":{"x":0.0713413879275322,"y":-0.24606302380561829,"z":1.1066285371780396},"rotation":{"x":-0.07312442362308502,"y":0.029937008395791055,"z":-0.0020360841881483795,"w":-0.9968713521957398},"size":3.457885265350342,"orthographic":false}