{"cameraMode":{"drawMode":0,"name":"Shaded","section":"Shading Mode"},"sceneLighting":false,"audioPlay":false,"sceneViewState":{"showFog":true,"showMaterialUpdate":true,"showSkybox":true,"showFlares":true,"showImageEffects":true,"showParticleSystems":true},"in2DMode":false,"pivot":{"x":-1.4999995231628419,"y":3.7499990463256838,"z":1.5000009536743165},"rotation":{"x":-0.05815102905035019,"y":0.9150829315185547,"z":-0.1428062915802002,"w":-0.372623085975647},"size":7.0004425048828129,"orthographic":false}