{"cameraMode":{"drawMode":0,"name":"Shaded","section":"Shading Mode"},"sceneLighting":true,"audioPlay":false,"sceneViewState":{"showFog":true,"showMaterialUpdate":true,"showSkybox":true,"showFlares":true,"showImageEffects":true,"showParticleSystems":true},"in2DMode":false,"pivot":{"x":8.756574630737305,"y":2.1547365188598635,"z":5.619911193847656},"rotation":{"x":-0.0663229376077652,"y":0.9012366533279419,"z":-0.1489836424589157,"w":-0.4014694094657898},"size":30.017295837402345,"orthographic":false}